{"Robots": [{"ID": "Dave", "Battery Level": -1, "Last Message Time": 1614174450.395193, "State": {"State": "WaitingAtReception", "Destination": "N/A"}}, {"ID": "Mary", "Battery Level": -1, "Last Message Time": 1614174499.5901172, "State": {"State": "AtDropOff", "Destination": "N/A"}}, {"ID": "Steven", "Battery Level": -1, "Last Message Time": 1614174527.2542794, "State": {"State": "Movement", "Destination": "Booth"}}, {"ID": "Theadore", "Battery Level": -1, "Last Message Time": 1614174450.3952162, "State": {"State": "WaitingAtReception", "Destination": "N/A"}}, {"ID": "JaJame", "Battery Level": -1, "Last Message Time": 1614174450.3952208, "State": {"State": "Movement", "Destination": "Reception"}}], "Booths": [{"ID": 1, "Capcity, Humans": 1, "Capacity Robots": 1, "Robots with humans": ["Steven"], "Robots without Humans": []}], "Transit Area": {"ID": "1", "Capcity, Humans": 1, "Capacity Robots": 100, "Robots with humans": ["Steven"], "Robots without Humans": []}, "Exit Area": {"ID": "1", "Capcity, Humans": 1, "Capacity Robots": 100, "Robots with humans": ["Mary"], "Robots without Humans": []}, "Drop Off": {"ID": "1", "Capcity, Humans": 0, "Capacity Robots": 100, "Robots with humans": [], "Robots without Humans": []}, "Reception": {"ID": "1", "Capcity, Humans": 100, "Capacity Robots": 100, "Robots with humans": ["Dave", "Theadore", "JaJame"], "Robots without Humans": []}}